filename,employee_id
face_10000.jpg,emp014
face_10001.jpg,emp004
face_10002.jpg,emp004
face_10003.jpg,emp004
face_10004.jpg,emp004
face_10005.jpg,unknown
face_10006.jpg,emp004
face_10007.jpg,emp004
face_10008.jpg,emp004
face_10009.jpg,emp022
face_10010.jpg,emp022
face_10011.jpg,emp004
face_10012.jpg,emp011
face_10013.jpg,emp014
face_10014.jpg,emp004
face_10015.jpg,emp004
face_10016.jpg,emp014
face_10017.jpg,emp012
face_10018.jpg,emp002
face_10019.jpg,emp021
face_10020.jpg,emp021
face_10021.jpg,emp021
face_10022.jpg,emp005
face_10023.jpg,emp021
face_10024.jpg,emp021
face_10025.jpg,emp021
face_10026.jpg,emp021
face_10027.jpg,emp021
face_10028.jpg,emp019
face_10029.jpg,emp014
face_10030.jpg,unknown
face_10031.jpg,emp022
face_10032.jpg,emp002
face_10033.jpg,emp022
face_10034.jpg,emp022
face_10035.jpg,emp022
face_10036.jpg,emp022
face_10037.jpg,emp022
face_10038.jpg,emp005
face_10039.jpg,emp019
face_10040.jpg,emp019
face_10041.jpg,emp021
face_10042.jpg,emp004
face_10043.jpg,emp019
face_10044.jpg,emp004
face_10045.jpg,emp004
face_10046.jpg,emp019
face_10047.jpg,emp022
face_10048.jpg,emp014
face_10049.jpg,emp004
face_10050.jpg,emp014
face_10051.jpg,emp004
face_10052.jpg,emp019
face_10053.jpg,emp019
face_10054.jpg,emp014
face_10055.jpg,emp014
face_10056.jpg,emp034
face_10057.jpg,emp014
face_10058.jpg,emp014
face_10059.jpg,emp014
face_10060.jpg,emp012
face_10061.jpg,emp014
face_10062.jpg,emp002
face_10063.jpg,emp014
face_10064.jpg,emp019
face_10065.jpg,emp014
face_10066.jpg,emp014
face_10067.jpg,emp021
face_10068.jpg,emp021
face_10069.jpg,emp014
face_10070.jpg,emp014
face_10071.jpg,emp014
face_10072.jpg,emp012
face_10073.jpg,emp014
face_10074.jpg,emp014
face_10075.jpg,emp014
face_10076.jpg,emp019
face_10077.jpg,emp014
face_10078.jpg,unknown
face_10079.jpg,emp014
face_10080.jpg,emp014
face_10081.jpg,emp014
face_10082.jpg,emp004
face_10083.jpg,emp012
face_10084.jpg,emp012
face_10085.jpg,emp012
face_10086.jpg,emp012
face_10087.jpg,emp012
face_10088.jpg,emp012
face_10089.jpg,emp012
face_10090.jpg,emp012
face_10091.jpg,emp012
face_10092.jpg,emp012
face_10093.jpg,unknown
face_10094.jpg,emp012
face_10095.jpg,emp023
face_10096.jpg,emp012
face_10097.jpg,emp012
face_10098.jpg,emp012
face_10099.jpg,emp012
face_10100.jpg,emp012
face_10101.jpg,emp012
face_10102.jpg,emp012
face_10103.jpg,emp012
face_10104.jpg,emp012
face_10105.jpg,emp012
face_10106.jpg,emp012
face_10107.jpg,emp012
face_10108.jpg,emp012
face_10109.jpg,emp012
face_10110.jpg,emp004
face_10111.jpg,emp004
face_10112.jpg,unknown
face_10113.jpg,emp014
face_10114.jpg,emp012
face_10115.jpg,emp012
face_10116.jpg,emp012
face_10117.jpg,emp012
face_10118.jpg,emp012
face_10119.jpg,emp012
face_10120.jpg,emp012
face_10121.jpg,emp020
face_10122.jpg,unknown
face_10123.jpg,emp021
face_10124.jpg,emp012
face_10125.jpg,emp034
face_10126.jpg,emp020
face_10127.jpg,emp034
face_10128.jpg,emp020
face_10129.jpg,emp020
face_10130.jpg,emp010
face_10131.jpg,emp025
face_10132.jpg,emp020
face_10133.jpg,emp020
face_10134.jpg,emp020
face_10135.jpg,emp006
face_10136.jpg,emp006
face_10137.jpg,emp006
face_10138.jpg,emp006
face_10139.jpg,emp006
face_10140.jpg,emp006
face_10141.jpg,emp025
face_10142.jpg,emp006
face_10143.jpg,emp015
face_10144.jpg,emp006
face_10145.jpg,emp006
face_10146.jpg,emp006
face_10147.jpg,emp006
face_10148.jpg,emp006
face_10149.jpg,emp006
face_10150.jpg,emp019
face_10151.jpg,emp006
face_10152.jpg,emp006
face_10153.jpg,emp006
face_10154.jpg,emp006
face_10155.jpg,emp006
face_10156.jpg,emp006
face_10157.jpg,emp006
face_10158.jpg,emp006
face_10159.jpg,emp006
face_10160.jpg,emp006
face_10161.jpg,emp006
face_10162.jpg,emp006
face_10163.jpg,emp006
face_10164.jpg,emp006
face_10165.jpg,emp020
face_10166.jpg,emp031
face_10167.jpg,emp020
face_10168.jpg,emp021
face_10169.jpg,emp021
face_10170.jpg,emp005
face_10171.jpg,emp020
face_10172.jpg,emp020
face_10173.jpg,emp020
face_10174.jpg,emp022
face_10175.jpg,emp025
face_10176.jpg,emp009
face_10177.jpg,emp031
face_10178.jpg,emp031
face_10179.jpg,emp031
face_10180.jpg,emp020
face_10181.jpg,emp031
face_10182.jpg,emp024
face_10183.jpg,emp031
face_10184.jpg,emp031
face_10185.jpg,emp031
face_10186.jpg,emp006
face_10187.jpg,emp020
face_10188.jpg,emp020
face_10189.jpg,emp006
face_10190.jpg,emp015
face_10191.jpg,emp006
face_10192.jpg,emp006
face_10193.jpg,emp006
face_10194.jpg,emp020
face_10195.jpg,emp006
face_10196.jpg,emp028
face_10197.jpg,emp020
face_10198.jpg,emp006
face_10199.jpg,emp006
face_10200.jpg,emp020
face_10201.jpg,emp006
face_10202.jpg,emp006
face_10203.jpg,emp006
face_10204.jpg,emp006
face_10205.jpg,emp006
face_10206.jpg,emp010
face_10207.jpg,emp005
face_10208.jpg,emp025
face_10209.jpg,emp025
face_10210.jpg,emp025
face_10211.jpg,emp025
face_10212.jpg,emp034
face_10213.jpg,emp034
face_10214.jpg,emp034
face_10215.jpg,emp034
face_10216.jpg,emp034
face_10217.jpg,emp034
face_10218.jpg,emp005
face_10219.jpg,emp034
face_10220.jpg,emp009
face_10221.jpg,emp034
face_10222.jpg,emp034
face_10223.jpg,emp034
face_10224.jpg,emp034
face_10225.jpg,emp025
face_10226.jpg,emp001
face_10227.jpg,emp025
face_10228.jpg,emp025
face_10229.jpg,emp025
face_10230.jpg,emp025
face_10231.jpg,emp005
face_10232.jpg,emp005
face_10233.jpg,emp025
face_10234.jpg,emp019
face_10235.jpg,emp025
face_10236.jpg,emp025
face_10237.jpg,emp025
face_10238.jpg,emp025
face_10239.jpg,emp014
face_10240.jpg,emp025
face_10241.jpg,emp020
face_10242.jpg,emp021
face_10243.jpg,emp020
face_10244.jpg,emp034
face_10245.jpg,emp020
face_10246.jpg,emp020
face_10247.jpg,emp025
face_10248.jpg,emp010
face_10249.jpg,emp020
face_10250.jpg,emp020
face_10251.jpg,emp020
face_10252.jpg,emp020
face_10253.jpg,emp020
face_10254.jpg,emp020
face_10255.jpg,emp020
face_10256.jpg,emp031
face_10257.jpg,emp020
face_10258.jpg,emp020
face_10259.jpg,emp020
face_10260.jpg,emp025
face_10261.jpg,emp020
face_10262.jpg,emp025
face_10263.jpg,emp020
face_10264.jpg,emp020
face_10265.jpg,emp020
face_10266.jpg,emp020
face_10267.jpg,emp020
face_10268.jpg,emp034
face_10269.jpg,emp020
face_10270.jpg,emp010
face_10271.jpg,emp006
face_10272.jpg,emp020
face_10273.jpg,emp013
face_10274.jpg,emp010
face_10275.jpg,emp022
face_10276.jpg,emp013
face_10277.jpg,emp010
face_10278.jpg,emp010
face_10279.jpg,emp022
face_10280.jpg,emp010
face_10281.jpg,emp006
face_10282.jpg,emp005
face_10283.jpg,emp006
face_10284.jpg,emp025
face_10285.jpg,emp025
face_10286.jpg,emp025
face_10287.jpg,emp025
face_10288.jpg,emp025
face_10289.jpg,emp025
face_10290.jpg,emp025
face_10291.jpg,emp025
face_10292.jpg,emp025
face_10293.jpg,emp025
face_10294.jpg,emp025
face_10295.jpg,emp025
face_10296.jpg,emp025
face_10297.jpg,emp025
face_10298.jpg,emp025
face_10299.jpg,emp025
face_10300.jpg,emp025
face_10301.jpg,emp006
face_10302.jpg,emp025
face_10303.jpg,emp006
face_10304.jpg,emp025
face_10305.jpg,emp006
face_10306.jpg,emp006
face_10307.jpg,emp025
face_10308.jpg,emp025
face_10309.jpg,emp006
face_10310.jpg,emp025
face_10311.jpg,emp006
face_10312.jpg,emp025
face_10313.jpg,emp006
face_10314.jpg,emp025
face_10315.jpg,emp025
face_10316.jpg,emp006
face_10317.jpg,emp025
face_10318.jpg,emp025
face_10319.jpg,emp005
face_10320.jpg,emp025
face_10321.jpg,emp025
face_10322.jpg,emp025
face_10323.jpg,emp034
face_10324.jpg,emp025
face_10325.jpg,emp034
face_10326.jpg,emp005
face_10327.jpg,emp025
face_10328.jpg,emp025
face_10329.jpg,emp025
face_10330.jpg,emp025
face_10331.jpg,emp006
face_10332.jpg,emp025
face_10333.jpg,emp025
face_10334.jpg,emp025
face_10335.jpg,emp025
face_10336.jpg,emp006
face_10337.jpg,emp006
face_10338.jpg,emp006
face_10339.jpg,emp006
face_10340.jpg,emp005
face_10341.jpg,emp006
face_10342.jpg,emp006
face_10343.jpg,emp006
face_10344.jpg,emp006
face_10345.jpg,emp006
face_10346.jpg,emp006
face_10347.jpg,emp006
face_10348.jpg,emp006
face_10349.jpg,emp006
face_10350.jpg,emp031
face_10351.jpg,emp021
face_10352.jpg,emp005
face_10353.jpg,emp006
face_10354.jpg,emp020
face_10355.jpg,emp020
face_10356.jpg,emp020
face_10357.jpg,emp009
face_10358.jpg,emp020
face_10359.jpg,emp009
face_10360.jpg,emp013
face_10361.jpg,emp020
face_10362.jpg,emp009
face_10363.jpg,emp020
face_10364.jpg,emp020
face_10365.jpg,emp009
face_10366.jpg,emp020
face_10367.jpg,emp009
face_10368.jpg,emp009
face_10369.jpg,emp009
face_10370.jpg,emp020
face_10371.jpg,emp009
face_10372.jpg,emp020
face_10373.jpg,emp009
face_10374.jpg,emp020
face_10375.jpg,emp009
face_10376.jpg,emp009
face_10377.jpg,emp020
face_10378.jpg,emp020
face_10379.jpg,emp009
face_10380.jpg,emp020
face_10381.jpg,emp009
face_10382.jpg,emp020
face_10383.jpg,emp009
face_10384.jpg,emp009
face_10385.jpg,emp020
face_10386.jpg,emp009
face_10387.jpg,emp009
face_10388.jpg,emp009
face_10389.jpg,emp009
face_10390.jpg,emp010
face_10391.jpg,emp010
face_10392.jpg,emp009
face_10393.jpg,emp009
face_10394.jpg,emp025
face_10395.jpg,emp020
face_10396.jpg,emp020
face_10397.jpg,emp020
face_10398.jpg,emp020
face_10399.jpg,emp020
face_10400.jpg,emp020
face_10401.jpg,emp020
face_10402.jpg,emp020
face_10403.jpg,emp020
face_10404.jpg,emp020
face_10405.jpg,emp020
face_10406.jpg,emp014
face_10407.jpg,emp020
face_10408.jpg,emp014
face_10409.jpg,emp014
face_10410.jpg,emp014
face_10411.jpg,emp014
face_10412.jpg,emp014
face_10413.jpg,emp014
face_10414.jpg,emp018
face_10415.jpg,emp020
face_10416.jpg,emp010
face_10417.jpg,emp010
face_10418.jpg,emp006
face_10419.jpg,emp020
face_10420.jpg,emp020
face_10421.jpg,emp020
face_10422.jpg,emp006
face_10423.jpg,emp006
face_10424.jpg,emp013
face_10425.jpg,emp006
face_10426.jpg,emp006
face_10427.jpg,emp006
face_10428.jpg,emp006
face_10429.jpg,emp006
face_10430.jpg,emp010
face_10431.jpg,emp013
face_10432.jpg,emp005
face_10433.jpg,emp005
face_10434.jpg,emp010
face_10435.jpg,emp002
face_10436.jpg,emp006
face_10437.jpg,emp006
face_10438.jpg,emp034
face_10439.jpg,emp006
face_10440.jpg,emp006
face_10441.jpg,emp006
face_10442.jpg,emp027
face_10443.jpg,emp025
face_10444.jpg,emp025
face_10445.jpg,emp005
face_10446.jpg,emp020
face_10447.jpg,emp020
face_10448.jpg,emp020
face_10449.jpg,emp020
face_10450.jpg,emp016
face_10451.jpg,emp025
face_10452.jpg,emp020
face_10453.jpg,emp025
face_10454.jpg,emp020
face_10455.jpg,emp025
face_10456.jpg,emp020
face_10457.jpg,emp020
face_10458.jpg,emp020
face_10459.jpg,emp020
face_10460.jpg,unknown
face_10461.jpg,emp016
face_10462.jpg,emp030
face_10463.jpg,emp022
face_10464.jpg,emp018
face_10465.jpg,emp017
face_10466.jpg,emp010
face_10467.jpg,emp009
face_10468.jpg,emp028
face_10469.jpg,emp014
face_10470.jpg,emp005
face_10471.jpg,emp028
face_10472.jpg,emp030
face_10473.jpg,emp030
face_10474.jpg,emp018
face_10475.jpg,emp005
face_10476.jpg,emp022
face_10477.jpg,emp015
face_10478.jpg,emp005
face_10479.jpg,emp004
face_10480.jpg,emp027
face_10481.jpg,emp015
face_10482.jpg,emp027
face_10483.jpg,emp005
face_10484.jpg,emp027
face_10485.jpg,emp015
face_10486.jpg,emp027
face_10487.jpg,emp027
face_10488.jpg,emp028
face_10489.jpg,emp014
face_10490.jpg,emp021
face_10491.jpg,emp011
face_10492.jpg,emp014
face_10493.jpg,emp015
face_10494.jpg,emp021
face_10495.jpg,emp022
face_10496.jpg,emp015
face_10497.jpg,emp015
face_10498.jpg,emp015
face_10499.jpg,emp015
face_10500.jpg,emp015
face_10501.jpg,emp015
face_10502.jpg,emp015
face_10503.jpg,emp015
face_10504.jpg,emp028
face_10505.jpg,emp013
face_10506.jpg,emp013
face_10507.jpg,emp013
face_10508.jpg,emp013
face_10509.jpg,emp013
face_10510.jpg,emp013
face_10511.jpg,emp013
face_10512.jpg,emp013
face_10513.jpg,emp013
face_10514.jpg,emp002
face_10515.jpg,emp013
face_10516.jpg,emp027
face_10517.jpg,emp027
face_10518.jpg,emp013
face_10519.jpg,emp013
face_10520.jpg,emp027
face_10521.jpg,unknown
face_10522.jpg,emp022
face_10523.jpg,emp027
face_10524.jpg,emp013
face_10525.jpg,emp022
face_10526.jpg,emp022
face_10527.jpg,emp022
face_10528.jpg,emp022
face_10529.jpg,emp022
face_10530.jpg,emp022
face_10531.jpg,emp022
face_10532.jpg,emp027
face_10533.jpg,emp013
face_10534.jpg,emp022
face_10535.jpg,emp019
face_10536.jpg,emp022
face_10537.jpg,emp010
face_10538.jpg,emp010
face_10539.jpg,emp010
face_10540.jpg,emp010
face_10541.jpg,emp010
face_10542.jpg,emp010
face_10543.jpg,emp010
face_10544.jpg,emp010
face_10545.jpg,emp010
face_10546.jpg,emp010
face_10547.jpg,emp010
face_10548.jpg,emp010
face_10549.jpg,emp010
face_10550.jpg,emp010
face_10551.jpg,emp020
face_10552.jpg,emp025
face_10553.jpg,emp025
face_10554.jpg,emp025
face_10555.jpg,emp025
face_10556.jpg,emp025
face_10557.jpg,emp025
face_10558.jpg,emp034
face_10559.jpg,emp025
face_10560.jpg,emp034
face_10561.jpg,emp034
face_10562.jpg,emp005
face_10563.jpg,emp005
face_10564.jpg,emp005
face_10565.jpg,emp025
face_10566.jpg,emp005
face_10567.jpg,emp005
face_10568.jpg,emp014
face_10569.jpg,emp025
face_10570.jpg,emp034
face_10571.jpg,emp034
face_10572.jpg,emp005
face_10573.jpg,emp010
face_10574.jpg,emp010
face_10575.jpg,emp010
face_10576.jpg,emp005
face_10577.jpg,emp002
face_10578.jpg,emp010
face_10579.jpg,emp025
face_10580.jpg,emp025
face_10581.jpg,emp028
face_10582.jpg,emp020
face_10583.jpg,emp016
face_10584.jpg,emp016
face_10585.jpg,emp010
face_10586.jpg,emp010
face_10587.jpg,emp001
face_10588.jpg,emp011
face_10589.jpg,emp025
face_10590.jpg,emp001
face_10591.jpg,emp028
face_10592.jpg,emp016
face_10593.jpg,emp001
face_10594.jpg,emp025
face_10595.jpg,emp016
face_10596.jpg,emp001
face_10597.jpg,emp022
face_10598.jpg,emp020
face_10599.jpg,emp025
face_10600.jpg,emp022
face_10601.jpg,emp019
face_10602.jpg,emp034
face_10603.jpg,emp025
face_10604.jpg,emp022
face_10605.jpg,emp022
face_10606.jpg,emp001
face_10607.jpg,emp010
face_10608.jpg,emp010
face_10609.jpg,emp010
face_10610.jpg,emp010
face_10611.jpg,emp010
face_10612.jpg,emp010
face_10613.jpg,emp010
face_10614.jpg,emp010
face_10615.jpg,emp010
face_10616.jpg,emp010
face_10617.jpg,emp010
face_10618.jpg,emp010
face_10619.jpg,emp010
face_10620.jpg,emp010
face_10621.jpg,emp025
face_10622.jpg,emp013
face_10623.jpg,emp005
face_10624.jpg,emp019
face_10625.jpg,emp019
face_10626.jpg,emp027
face_10627.jpg,unknown
face_10628.jpg,emp027
face_10629.jpg,emp005
face_10630.jpg,emp027
face_10631.jpg,emp021
face_10632.jpg,emp006
face_10633.jpg,emp021
face_10634.jpg,emp019
face_10635.jpg,emp014
face_10636.jpg,unknown
face_10637.jpg,unknown
face_10638.jpg,emp034
face_10639.jpg,emp019
face_10640.jpg,emp019
face_10641.jpg,emp019
face_10642.jpg,emp019
face_10643.jpg,emp027
face_10644.jpg,emp009
face_10645.jpg,emp019
face_10646.jpg,emp019
face_10647.jpg,emp019
face_10648.jpg,emp019
face_10649.jpg,emp014
face_10650.jpg,emp014
face_10651.jpg,emp002
face_10652.jpg,emp014
face_10653.jpg,emp019
face_10654.jpg,emp014
face_10655.jpg,emp019
face_10656.jpg,emp019
face_10657.jpg,emp019
face_10658.jpg,emp019
face_10659.jpg,emp019
face_10660.jpg,emp019
face_10661.jpg,emp015
face_10662.jpg,emp015
face_10663.jpg,emp025
face_10664.jpg,emp014
face_10665.jpg,emp015
face_10666.jpg,emp013
face_10667.jpg,emp035
face_10668.jpg,emp014
face_10669.jpg,emp009
face_10670.jpg,emp009
face_10671.jpg,emp021
face_10672.jpg,emp025
face_10673.jpg,unknown
face_10674.jpg,emp005
face_10675.jpg,emp004
face_10676.jpg,emp021
face_10677.jpg,emp004
face_10678.jpg,emp004
face_10679.jpg,emp012
face_10680.jpg,emp002
face_10681.jpg,emp004
face_10682.jpg,emp009
face_10683.jpg,emp019
face_10684.jpg,emp010
face_10685.jpg,emp010
face_10686.jpg,unknown
face_10687.jpg,unknown
face_10688.jpg,unknown
face_10689.jpg,emp022
face_10690.jpg,emp018
face_10691.jpg,unknown
face_10692.jpg,emp005
face_10693.jpg,emp028
face_10694.jpg,emp002
face_10695.jpg,emp019
face_10696.jpg,emp019
face_10697.jpg,emp002
face_10698.jpg,emp019
face_10699.jpg,emp019
face_10700.jpg,emp019
face_10701.jpg,emp014
face_10702.jpg,emp019
face_10703.jpg,emp019
face_10704.jpg,emp001
face_10705.jpg,emp019
face_10706.jpg,emp019
face_10707.jpg,emp002
face_10708.jpg,emp019
face_10709.jpg,emp019
face_10710.jpg,emp010
face_10711.jpg,emp019
face_10712.jpg,emp010
face_10713.jpg,emp019
face_10714.jpg,emp005
face_10715.jpg,emp034
face_10716.jpg,emp019
face_10717.jpg,emp019
face_10718.jpg,emp019
face_10719.jpg,emp019
face_10720.jpg,emp019
face_10721.jpg,emp019
face_10722.jpg,emp009
face_10723.jpg,emp005
face_10724.jpg,emp019
face_10725.jpg,emp019
face_10726.jpg,emp028
face_10727.jpg,emp028
face_10728.jpg,emp028
face_10729.jpg,emp019
face_10730.jpg,emp019
face_10731.jpg,emp019
face_10732.jpg,emp019
face_10733.jpg,emp019
face_10734.jpg,emp019
face_10735.jpg,emp019
face_10736.jpg,emp019
face_10737.jpg,emp019
face_10738.jpg,emp019
face_10739.jpg,emp019
face_10740.jpg,emp019
face_10741.jpg,emp019
face_10742.jpg,emp019
face_10743.jpg,emp019
face_10744.jpg,emp019
face_10745.jpg,emp019
face_10746.jpg,emp019
face_10747.jpg,emp019
face_10748.jpg,emp005
face_10749.jpg,emp005
face_10750.jpg,emp005
face_10751.jpg,emp019
face_10752.jpg,emp005
face_10753.jpg,emp019
face_10754.jpg,emp019
face_10755.jpg,emp019
face_10756.jpg,emp019
face_10757.jpg,emp019
face_10758.jpg,emp019
face_10759.jpg,emp019
face_10760.jpg,emp005
face_10761.jpg,emp019
face_10762.jpg,emp019
face_10763.jpg,emp019
face_10764.jpg,emp019
face_10765.jpg,emp019
face_10766.jpg,emp005
face_10767.jpg,emp005
face_10768.jpg,emp019
face_10769.jpg,emp019
face_10770.jpg,emp019
face_10771.jpg,emp019
face_10772.jpg,emp005
face_10773.jpg,emp019
face_10774.jpg,emp019
face_10775.jpg,emp005
face_10776.jpg,emp005
face_10777.jpg,emp019
face_10778.jpg,emp019
face_10779.jpg,emp019
face_10780.jpg,emp019
face_10781.jpg,emp019
face_10782.jpg,emp019
face_10783.jpg,emp005
face_10784.jpg,emp005
face_10785.jpg,emp005
face_10786.jpg,emp002
face_10787.jpg,emp005
face_10788.jpg,emp005
face_10789.jpg,emp019
face_10790.jpg,emp016
face_10791.jpg,emp005
face_10792.jpg,emp005
face_10793.jpg,emp016
face_10794.jpg,emp005
face_10795.jpg,emp034
face_10796.jpg,emp016
face_10797.jpg,emp019
face_10798.jpg,emp019
face_10799.jpg,emp019
face_10800.jpg,emp005
face_10801.jpg,emp005
face_10802.jpg,emp005
face_10803.jpg,emp019
face_10804.jpg,emp004
face_10805.jpg,emp023
face_10806.jpg,emp014
face_10807.jpg,emp014
face_10808.jpg,emp005
face_10809.jpg,emp005
face_10810.jpg,emp014
face_10811.jpg,emp005
face_10812.jpg,emp021
face_10813.jpg,unknown
face_10814.jpg,emp005
face_10815.jpg,emp018
face_10816.jpg,emp021
face_10817.jpg,emp014
face_10818.jpg,emp014
face_10819.jpg,emp018
face_10820.jpg,emp018
face_10821.jpg,emp005
face_10822.jpg,emp005
face_10823.jpg,emp013
face_10824.jpg,emp021
face_10825.jpg,emp019
face_10826.jpg,emp021
face_10827.jpg,emp021
face_10828.jpg,emp018
face_10829.jpg,emp021
face_10830.jpg,emp021
face_10831.jpg,emp005
face_10832.jpg,emp014
face_10833.jpg,emp005
face_10834.jpg,emp016
face_10835.jpg,emp005
face_10836.jpg,emp004
face_10837.jpg,emp005
face_10838.jpg,emp004
face_10839.jpg,emp004
face_10840.jpg,emp021
face_10841.jpg,emp005
face_10842.jpg,emp014
face_10843.jpg,emp016
face_10844.jpg,emp016
face_10845.jpg,emp005
face_10846.jpg,emp001
face_10847.jpg,emp014
face_10848.jpg,emp014
face_10849.jpg,emp014
face_10850.jpg,emp014
face_10851.jpg,emp014
face_10852.jpg,emp014
face_10853.jpg,emp014
face_10854.jpg,emp014
face_10855.jpg,emp014
face_10856.jpg,emp014
face_10857.jpg,emp005
face_10858.jpg,emp004
face_10859.jpg,emp021
face_10860.jpg,emp004
face_10861.jpg,emp014
face_10862.jpg,emp005
face_10863.jpg,emp014
face_10864.jpg,emp005
face_10865.jpg,emp014
face_10866.jpg,emp004
face_10867.jpg,emp014
face_10868.jpg,emp004
face_10869.jpg,emp014
face_10870.jpg,emp004
face_10871.jpg,emp009
face_10872.jpg,unknown
face_10873.jpg,emp005
face_10874.jpg,emp005
face_10875.jpg,emp013
face_10876.jpg,emp004
face_10877.jpg,unknown
face_10878.jpg,emp005
face_10879.jpg,emp004
face_10880.jpg,emp014
face_10881.jpg,emp005
face_10882.jpg,emp014
face_10883.jpg,emp004
face_10884.jpg,emp018
face_10885.jpg,emp014
face_10886.jpg,emp005
face_10887.jpg,emp018
face_10888.jpg,emp004
face_10889.jpg,emp014
face_10890.jpg,emp005
face_10891.jpg,emp001
face_10892.jpg,emp001
face_10893.jpg,emp001
face_10894.jpg,emp001
face_10895.jpg,emp001
face_10896.jpg,emp005
face_10897.jpg,emp005
face_10898.jpg,emp005
face_10899.jpg,emp001
face_10900.jpg,emp001
face_10901.jpg,emp001
face_10902.jpg,emp005
face_10903.jpg,emp010
face_10904.jpg,emp005
face_10905.jpg,emp031
face_10906.jpg,emp014
face_10907.jpg,emp013
face_10908.jpg,emp002
face_10909.jpg,emp014
face_10910.jpg,emp014
face_10911.jpg,emp014
face_10912.jpg,emp014
face_10913.jpg,emp014
face_10914.jpg,emp005
face_10915.jpg,emp010
face_10916.jpg,emp004
face_10917.jpg,emp021
face_10918.jpg,emp014
face_10919.jpg,emp004
face_10920.jpg,emp014
face_10921.jpg,emp031
face_10922.jpg,emp004
face_10923.jpg,emp014
face_10924.jpg,emp013
face_10925.jpg,emp005
face_10926.jpg,emp004
face_10927.jpg,emp014
face_10928.jpg,emp014
face_10929.jpg,emp004
face_10930.jpg,emp014
face_10931.jpg,emp014
face_10932.jpg,emp004
face_10933.jpg,emp016
face_10934.jpg,emp004
face_10935.jpg,emp014
face_10936.jpg,emp014
face_10937.jpg,emp014
face_10938.jpg,unknown
face_10939.jpg,emp014
face_10940.jpg,emp005
face_10941.jpg,emp019
face_10942.jpg,emp023
face_10943.jpg,emp016
face_10944.jpg,emp014
face_10945.jpg,emp005
face_10946.jpg,emp005
face_10947.jpg,unknown
face_10948.jpg,emp005
face_10949.jpg,emp005
face_10950.jpg,emp005
face_10951.jpg,emp019
face_10952.jpg,emp005
face_10953.jpg,emp005
face_10954.jpg,emp005
face_10955.jpg,emp016
face_10956.jpg,emp016
face_10957.jpg,emp016
face_10958.jpg,emp005
face_10959.jpg,emp016
face_10960.jpg,emp005
face_10961.jpg,emp016
face_10962.jpg,emp016
face_10963.jpg,emp005
face_10964.jpg,emp016
face_10965.jpg,emp016
face_10966.jpg,emp005
face_10967.jpg,emp005
face_10968.jpg,emp018
face_10969.jpg,emp005
face_10970.jpg,emp005
face_10971.jpg,emp021
face_10972.jpg,emp021
face_10973.jpg,emp021
face_10974.jpg,emp005
face_10975.jpg,emp016
face_10976.jpg,emp016
face_10977.jpg,emp016
face_10978.jpg,emp016
face_10979.jpg,emp016
face_10980.jpg,emp016
face_10981.jpg,emp035
face_10982.jpg,emp016
face_10983.jpg,emp016
face_10984.jpg,emp016
face_10985.jpg,emp016
face_10986.jpg,emp016
face_10987.jpg,emp016
face_10988.jpg,emp016
face_10989.jpg,emp015
face_10990.jpg,emp002
face_10991.jpg,emp005
face_10992.jpg,emp005
face_10993.jpg,emp005
face_10994.jpg,emp005
face_10995.jpg,emp005
face_10996.jpg,emp021
face_10997.jpg,emp021
face_10998.jpg,emp005
face_10999.jpg,emp002
face_11000.jpg,emp019
face_11001.jpg,emp016
face_11002.jpg,emp005
face_11003.jpg,emp021
face_11004.jpg,emp016
face_11005.jpg,emp019
face_11006.jpg,emp016
face_11007.jpg,emp005
face_11008.jpg,emp028
face_11009.jpg,emp016
face_11010.jpg,emp019
face_11011.jpg,emp021
face_11012.jpg,unknown
face_11013.jpg,emp004
face_11014.jpg,emp019
face_11015.jpg,emp002
face_11016.jpg,emp035
face_11017.jpg,emp005
face_11018.jpg,emp019
face_11019.jpg,emp016
face_11020.jpg,emp005
face_11021.jpg,emp019
face_11022.jpg,emp005
face_11023.jpg,emp019
face_11024.jpg,emp005
face_11025.jpg,emp014
face_11026.jpg,emp019
face_11027.jpg,emp005
face_11028.jpg,emp016
face_11029.jpg,emp016
face_11030.jpg,emp019
face_11031.jpg,emp016
face_11032.jpg,emp005
face_11033.jpg,emp019
face_11034.jpg,emp019
face_11035.jpg,emp001
face_11036.jpg,emp005
face_11037.jpg,emp016
face_11038.jpg,emp016
face_11039.jpg,emp005
face_11040.jpg,emp005
face_11041.jpg,emp019
face_11042.jpg,emp001
face_11043.jpg,emp002
face_11044.jpg,emp016
face_11045.jpg,emp016
face_11046.jpg,emp016
face_11047.jpg,emp016
face_11048.jpg,emp016
face_11049.jpg,emp016
face_11050.jpg,emp016
face_11051.jpg,emp026
face_11052.jpg,emp005
face_11053.jpg,emp016
face_11054.jpg,emp016
face_11055.jpg,emp016
face_11056.jpg,emp011
face_11057.jpg,emp016
face_11058.jpg,emp016
face_11059.jpg,emp019
face_11060.jpg,emp005
face_11061.jpg,emp016
face_11062.jpg,emp005
face_11063.jpg,emp005
face_11064.jpg,emp016
face_11065.jpg,emp001
face_11066.jpg,emp002
face_11067.jpg,emp001
face_11068.jpg,emp005
face_11069.jpg,emp005
face_11070.jpg,emp001
face_11071.jpg,emp005
face_11072.jpg,emp014
face_11073.jpg,emp005
face_11074.jpg,emp005
face_11075.jpg,emp002
face_11076.jpg,emp004
face_11077.jpg,emp005
face_11078.jpg,emp005
face_11079.jpg,emp005
face_11080.jpg,emp005
face_11081.jpg,emp005
face_11082.jpg,emp028
face_11083.jpg,emp002
face_11084.jpg,emp014
face_11085.jpg,emp014
face_11086.jpg,emp021
face_11087.jpg,emp014
face_11088.jpg,emp001
face_11089.jpg,emp001
face_11090.jpg,emp014
face_11091.jpg,emp005
face_11092.jpg,emp016
face_11093.jpg,emp005
face_11094.jpg,emp002
face_11095.jpg,emp014
face_11096.jpg,emp005
face_11097.jpg,emp014
face_11098.jpg,emp005
face_11099.jpg,emp016
face_11100.jpg,emp016
face_11101.jpg,emp005
face_11102.jpg,emp019
face_11103.jpg,emp005
face_11104.jpg,emp005
face_11105.jpg,emp005
face_11106.jpg,emp014
face_11107.jpg,emp019
face_11108.jpg,emp016
face_11109.jpg,emp011
face_11110.jpg,emp019
face_11111.jpg,emp005
face_11112.jpg,emp021
face_11113.jpg,emp019
face_11114.jpg,emp005
face_11115.jpg,emp002
face_11116.jpg,emp014
face_11117.jpg,emp021
face_11118.jpg,emp005
face_11119.jpg,emp005
face_11120.jpg,emp005
face_11121.jpg,emp005
face_11122.jpg,emp014
face_11123.jpg,emp016
face_11124.jpg,emp005
face_11125.jpg,emp019
face_11126.jpg,emp005
face_11127.jpg,emp005
face_11128.jpg,emp014
face_11129.jpg,emp002
face_11130.jpg,emp014
face_11131.jpg,emp005
face_11132.jpg,emp002
face_11133.jpg,emp005
face_11134.jpg,emp001
face_11135.jpg,emp014
face_11136.jpg,emp001
face_11137.jpg,emp005
face_11138.jpg,emp005
face_11139.jpg,emp005
face_11140.jpg,emp001
face_11141.jpg,emp005
face_11142.jpg,emp021
face_11143.jpg,emp001
face_11144.jpg,emp001
face_11145.jpg,emp001
face_11146.jpg,unknown
face_11147.jpg,emp016
face_11148.jpg,emp005
face_11149.jpg,emp001
face_11150.jpg,emp001
face_11151.jpg,unknown
face_11152.jpg,emp005
face_11153.jpg,emp016
face_11154.jpg,emp005
face_11155.jpg,emp005
face_11156.jpg,emp001
face_11157.jpg,emp005
face_11158.jpg,emp005
face_11159.jpg,emp005
face_11160.jpg,emp001
face_11161.jpg,emp016
face_11162.jpg,emp005
face_11163.jpg,emp005
face_11164.jpg,emp004
face_11165.jpg,emp004
face_11166.jpg,emp005
face_11167.jpg,emp004
face_11168.jpg,emp016
face_11169.jpg,emp001
face_11170.jpg,emp005
face_11171.jpg,emp001
face_11172.jpg,emp005
face_11173.jpg,emp002
face_11174.jpg,emp002
face_11175.jpg,emp004
face_11176.jpg,emp005
face_11177.jpg,emp002
face_11178.jpg,emp001
face_11179.jpg,emp002
face_11180.jpg,emp004
face_11181.jpg,emp001
face_11182.jpg,emp002
face_11183.jpg,emp001
face_11184.jpg,emp002
face_11185.jpg,emp001
face_11186.jpg,emp002
face_11187.jpg,emp005
face_11188.jpg,emp002
face_11189.jpg,emp001
face_11190.jpg,emp005
face_11191.jpg,emp004
face_11192.jpg,emp002
face_11193.jpg,emp001
face_11194.jpg,emp001
face_11195.jpg,emp021
face_11196.jpg,emp004
face_11197.jpg,emp019
face_11198.jpg,emp001
face_11199.jpg,emp001
face_11200.jpg,emp009
face_11201.jpg,emp001
face_11202.jpg,emp005
face_11203.jpg,emp001
face_11204.jpg,emp005
face_11205.jpg,emp004
face_11206.jpg,emp019
face_11207.jpg,emp005
face_11208.jpg,emp005
face_11209.jpg,emp001
face_11210.jpg,emp005
face_11211.jpg,emp005
face_11212.jpg,emp021
face_11213.jpg,emp005
face_11214.jpg,emp021
face_11215.jpg,emp005
face_11216.jpg,emp021
face_11217.jpg,emp005
face_11218.jpg,emp005
face_11219.jpg,emp005
face_11220.jpg,emp005
face_11221.jpg,emp005
face_11222.jpg,emp005
face_11223.jpg,emp014
face_11224.jpg,emp002
face_11225.jpg,emp005
face_11226.jpg,emp005
face_11227.jpg,emp026
face_11228.jpg,emp005
face_11229.jpg,emp005
face_11230.jpg,emp005
face_11231.jpg,emp005
face_11232.jpg,emp014
face_11233.jpg,unknown
face_11234.jpg,emp014
face_11235.jpg,emp001
face_11236.jpg,emp005
face_11237.jpg,emp014
face_11238.jpg,emp005
face_11239.jpg,emp005
face_11240.jpg,emp019
face_11241.jpg,emp005
face_11242.jpg,emp005
face_11243.jpg,emp001
face_11244.jpg,emp005
face_11245.jpg,emp005
face_11246.jpg,emp031
face_11247.jpg,emp014
face_11248.jpg,emp019
face_11249.jpg,emp014
face_11250.jpg,emp016
face_11251.jpg,emp016
face_11252.jpg,emp002
face_11253.jpg,emp019
face_11254.jpg,emp014
face_11255.jpg,emp009
face_11256.jpg,emp021
face_11257.jpg,emp004
face_11258.jpg,emp014
face_11259.jpg,emp002
face_11260.jpg,emp001
face_11261.jpg,emp014
face_11262.jpg,emp005
face_11263.jpg,emp021
face_11264.jpg,emp005
face_11265.jpg,emp002
face_11266.jpg,emp016
face_11267.jpg,emp002
face_11268.jpg,emp019
face_11269.jpg,emp021
face_11270.jpg,emp016
face_11271.jpg,emp001
face_11272.jpg,emp016
face_11273.jpg,emp019
face_11274.jpg,emp014
face_11275.jpg,emp014
face_11276.jpg,emp001
face_11277.jpg,emp005
face_11278.jpg,emp014
face_11279.jpg,emp014
face_11280.jpg,emp001
face_11281.jpg,emp014
face_11282.jpg,emp002
face_11283.jpg,emp022
face_11284.jpg,emp001
face_11285.jpg,emp014
face_11286.jpg,emp010
face_11287.jpg,emp019
face_11288.jpg,emp007
face_11289.jpg,emp014
face_11290.jpg,emp001
face_11291.jpg,emp014
face_11292.jpg,emp021
face_11293.jpg,emp001
face_11294.jpg,emp004
face_11295.jpg,emp004
face_11296.jpg,emp016
face_11297.jpg,emp002
face_11298.jpg,emp004
face_11299.jpg,emp014
face_11300.jpg,emp002
face_11301.jpg,emp014
face_11302.jpg,emp022
face_11303.jpg,emp005
face_11304.jpg,emp010
face_11305.jpg,emp018
face_11306.jpg,emp005
face_11307.jpg,emp005
face_11308.jpg,emp020
face_11309.jpg,emp023
face_11310.jpg,emp010
face_11311.jpg,emp004
face_11312.jpg,emp015
face_11313.jpg,emp022
face_11314.jpg,emp022
face_11315.jpg,emp019
face_11316.jpg,emp014
face_11317.jpg,emp002
face_11318.jpg,emp014
face_11319.jpg,emp002
face_11320.jpg,emp001
face_11321.jpg,emp006
face_11322.jpg,emp016
face_11323.jpg,emp014
face_11324.jpg,emp018
face_11325.jpg,emp020
face_11326.jpg,emp020
face_11327.jpg,emp023
face_11328.jpg,emp014
face_11329.jpg,emp021
face_11330.jpg,emp019
face_11331.jpg,emp014
face_11332.jpg,emp019
face_11333.jpg,emp005
face_11334.jpg,emp009
face_11335.jpg,emp025
face_11336.jpg,emp019
face_11337.jpg,emp002
face_11338.jpg,emp019
face_11339.jpg,emp019
face_11340.jpg,emp018
face_11341.jpg,emp028
face_11342.jpg,emp019
face_11343.jpg,emp002
face_11344.jpg,emp018
face_11345.jpg,emp014
face_11346.jpg,emp016
face_11347.jpg,emp014
face_11348.jpg,emp021
face_11349.jpg,emp005
face_11350.jpg,emp014
face_11351.jpg,emp004
face_11352.jpg,emp019
face_11353.jpg,unknown
face_11354.jpg,emp004
face_11355.jpg,emp004
face_11356.jpg,emp016
face_11357.jpg,emp018
face_11358.jpg,emp016
face_11359.jpg,emp021
face_11360.jpg,emp005
face_11361.jpg,emp019
face_11362.jpg,emp017
face_11363.jpg,emp028
face_11364.jpg,emp017
face_11365.jpg,emp016
face_11366.jpg,emp016
face_11367.jpg,emp018
face_11368.jpg,emp018
face_11369.jpg,emp016
face_11370.jpg,emp030
face_11371.jpg,emp019
face_11372.jpg,emp030
face_11373.jpg,emp016
face_11374.jpg,emp019
face_11375.jpg,emp002
face_11376.jpg,emp016
face_11377.jpg,emp009
face_11378.jpg,emp002
face_11379.jpg,emp011
face_11380.jpg,emp016
face_11381.jpg,emp014
face_11382.jpg,emp001
face_11383.jpg,emp017
face_11384.jpg,emp001
face_11385.jpg,emp005
face_11386.jpg,emp010
face_11387.jpg,emp020
face_11388.jpg,emp028
face_11389.jpg,emp016
face_11390.jpg,emp002
face_11391.jpg,emp016
face_11392.jpg,emp002
face_11393.jpg,emp014
face_11394.jpg,emp016
face_11395.jpg,emp002
face_11396.jpg,emp014
face_11397.jpg,emp016
face_11398.jpg,emp002
face_11399.jpg,emp014
face_11400.jpg,emp016
face_11401.jpg,emp001
face_11402.jpg,emp014
face_11403.jpg,emp014
face_11404.jpg,emp001
face_11405.jpg,emp021
face_11406.jpg,emp035
face_11407.jpg,emp016
face_11408.jpg,emp016
face_11409.jpg,emp004
face_11410.jpg,emp001
face_11411.jpg,emp005
face_11412.jpg,emp002
face_11413.jpg,emp016
face_11414.jpg,emp013
face_11415.jpg,emp021
face_11416.jpg,emp001
face_11417.jpg,emp001
face_11418.jpg,emp014
face_11419.jpg,emp014
face_11420.jpg,emp003
face_11421.jpg,unknown
face_11422.jpg,emp002
face_11423.jpg,emp021
face_11424.jpg,emp014
face_11425.jpg,emp035
face_11426.jpg,emp013
face_11427.jpg,emp004
face_11428.jpg,emp003
face_11429.jpg,emp014
face_11430.jpg,emp021
face_11431.jpg,emp001
face_11432.jpg,emp021
face_11433.jpg,emp001
face_11434.jpg,emp002
face_11435.jpg,emp004
face_11436.jpg,emp019
face_11437.jpg,emp019
face_11438.jpg,emp013
face_11439.jpg,emp012
face_11440.jpg,emp001
face_11441.jpg,emp002
face_11442.jpg,emp002
face_11443.jpg,emp019
face_11444.jpg,emp002
face_11445.jpg,emp018
face_11446.jpg,emp019
face_11447.jpg,emp016
face_11448.jpg,emp001
face_11449.jpg,emp001
face_11450.jpg,emp002
face_11451.jpg,emp004
face_11452.jpg,emp002
face_11453.jpg,emp027
face_11454.jpg,emp011
face_11455.jpg,emp019
face_11456.jpg,emp019
face_11457.jpg,emp014
face_11458.jpg,emp010
face_11459.jpg,emp014
face_11460.jpg,emp021
face_11461.jpg,emp019
face_11462.jpg,emp021
face_11463.jpg,emp019
face_11464.jpg,emp017
face_11465.jpg,emp016
face_11466.jpg,emp005
face_11467.jpg,emp020
face_11468.jpg,emp005
face_11469.jpg,emp010
face_11470.jpg,emp028
face_11471.jpg,emp028
face_11472.jpg,emp009
face_11473.jpg,emp016
face_11474.jpg,emp002
face_11475.jpg,emp014
face_11476.jpg,emp010
face_11477.jpg,emp015
face_11478.jpg,emp021
face_11479.jpg,emp001
face_11480.jpg,emp010
face_11481.jpg,emp001
face_11482.jpg,emp002
face_11483.jpg,emp001
face_11484.jpg,emp001
face_11485.jpg,emp019
face_11486.jpg,emp019
face_11487.jpg,emp001
face_11488.jpg,emp001
face_11489.jpg,emp001
face_11490.jpg,emp001
face_11491.jpg,emp001
face_11492.jpg,emp002
face_11493.jpg,emp005
face_11494.jpg,emp016
face_11495.jpg,emp004
face_11496.jpg,emp016
face_11497.jpg,emp005
face_11498.jpg,emp019
face_11499.jpg,emp015
face_11500.jpg,emp015
face_11501.jpg,emp009
face_11502.jpg,emp015
face_11503.jpg,emp005
face_11504.jpg,emp009
face_11505.jpg,emp027
face_11506.jpg,emp027
face_11507.jpg,emp011
face_11508.jpg,emp027
face_11509.jpg,emp015
face_11510.jpg,emp021
face_11511.jpg,emp015
face_11512.jpg,emp027
face_11513.jpg,emp021
face_11514.jpg,emp009
face_11515.jpg,emp021
face_11516.jpg,emp022
face_11517.jpg,emp009
face_11518.jpg,emp035
face_11519.jpg,emp015
face_11520.jpg,emp025
face_11521.jpg,emp034
face_11522.jpg,emp012
face_11523.jpg,emp025
face_11524.jpg,emp022
face_11525.jpg,emp015
face_11526.jpg,emp015
face_11527.jpg,emp005
face_11528.jpg,emp022
face_11529.jpg,emp015
face_11530.jpg,emp021
face_11531.jpg,emp019
face_11532.jpg,emp004
face_11533.jpg,emp004
face_11534.jpg,emp027
face_11535.jpg,emp005
face_11536.jpg,emp020
face_11537.jpg,emp013
face_11538.jpg,emp031
face_11539.jpg,emp021
face_11540.jpg,emp003
face_11541.jpg,emp035
face_11542.jpg,emp010
face_11543.jpg,emp015
face_11544.jpg,emp001
face_11545.jpg,emp023
face_11546.jpg,emp035
face_11547.jpg,emp011
face_11548.jpg,emp027
face_11549.jpg,emp015
face_11550.jpg,emp009
face_11551.jpg,emp027
face_11552.jpg,emp027
face_11553.jpg,emp009
face_11554.jpg,emp019
face_11555.jpg,emp006
face_11556.jpg,emp005
face_11557.jpg,emp004
face_11558.jpg,emp031
face_11559.jpg,unknown
face_11560.jpg,emp004
face_11561.jpg,emp035
face_11562.jpg,emp007
face_11563.jpg,emp021
face_11564.jpg,emp019
face_11565.jpg,emp010
face_11566.jpg,emp019
face_11567.jpg,emp035
face_11568.jpg,emp019
face_11569.jpg,emp009
face_11570.jpg,emp012
face_11571.jpg,emp035
face_11572.jpg,emp034
face_11573.jpg,emp020
face_11574.jpg,emp021
face_11575.jpg,emp001
face_11576.jpg,emp015
face_11577.jpg,emp005
face_11578.jpg,emp002
face_11579.jpg,emp020
face_11580.jpg,emp020
face_11581.jpg,emp031
face_11582.jpg,emp010
face_11583.jpg,emp006
face_11584.jpg,emp020
face_11585.jpg,emp020
face_11586.jpg,emp020
face_11587.jpg,emp002
face_11588.jpg,emp005
face_11589.jpg,emp031
face_11590.jpg,emp020
face_11591.jpg,emp006
face_11592.jpg,emp006
face_11593.jpg,emp031
face_11594.jpg,emp011
face_11595.jpg,emp031
face_11596.jpg,emp003
face_11597.jpg,emp011
face_11598.jpg,emp010
face_11599.jpg,emp020
face_11600.jpg,emp011
face_11601.jpg,emp025
face_11602.jpg,emp010
face_11603.jpg,emp026
face_11604.jpg,emp020
face_11605.jpg,emp020
face_11606.jpg,emp005
face_11607.jpg,emp023
face_11608.jpg,emp006
face_11609.jpg,emp031
face_11610.jpg,emp035
face_11611.jpg,emp010
face_11612.jpg,emp023
face_11613.jpg,emp006
face_11614.jpg,emp011
face_11615.jpg,emp020
face_11616.jpg,emp010
face_11617.jpg,emp027
face_11618.jpg,emp021
face_11619.jpg,emp006
face_11620.jpg,emp006
face_11621.jpg,emp011
face_11622.jpg,emp020
face_11623.jpg,emp006
face_11624.jpg,emp034
face_11625.jpg,emp011
face_11626.jpg,emp020
face_11627.jpg,emp010
face_11628.jpg,emp011
face_11629.jpg,emp006
face_11630.jpg,emp006
face_11631.jpg,emp010
face_11632.jpg,emp005
face_11633.jpg,emp023
face_11634.jpg,emp035
face_11635.jpg,emp020
face_11636.jpg,emp011
face_11637.jpg,emp034
face_11638.jpg,emp011
face_11639.jpg,emp034
face_11640.jpg,emp006
face_11641.jpg,emp006
face_11642.jpg,emp020
face_11643.jpg,emp011
face_11644.jpg,emp034
face_11645.jpg,emp010
face_11646.jpg,emp034
face_11647.jpg,emp020
face_11648.jpg,emp004
face_11649.jpg,emp020
face_11650.jpg,emp011
face_11651.jpg,emp010
face_11652.jpg,emp025
face_11653.jpg,emp035
face_11654.jpg,emp020
face_11655.jpg,emp035
face_11656.jpg,emp020
face_11657.jpg,emp031
face_11658.jpg,emp021
face_11659.jpg,emp006
face_11660.jpg,emp035
face_11661.jpg,emp020
face_11662.jpg,emp010
face_11663.jpg,emp020
face_11664.jpg,emp001
face_11665.jpg,emp006
face_11666.jpg,emp015
face_11667.jpg,emp020
face_11668.jpg,emp006
face_11669.jpg,emp034
face_11670.jpg,emp022
face_11671.jpg,emp035
face_11672.jpg,emp035
face_11673.jpg,emp020
face_11674.jpg,emp011
face_11675.jpg,emp011
face_11676.jpg,emp023
face_11677.jpg,emp014
face_11678.jpg,emp023
face_11679.jpg,emp023
face_11680.jpg,emp023
face_11681.jpg,emp023
face_11682.jpg,emp013
face_11683.jpg,emp007
face_11684.jpg,emp023
face_11685.jpg,emp023
face_11686.jpg,emp013
face_11687.jpg,emp028
face_11688.jpg,emp023
face_11689.jpg,emp028
face_11690.jpg,emp028
face_11691.jpg,emp007
face_11692.jpg,emp002
face_11693.jpg,emp016
face_11694.jpg,emp014
face_11695.jpg,emp005
face_11696.jpg,emp009
face_11697.jpg,emp005
face_11698.jpg,emp005
face_11699.jpg,emp021
face_11700.jpg,emp035
face_11701.jpg,emp031
face_11702.jpg,emp010
face_11703.jpg,emp005
face_11704.jpg,emp019
face_11705.jpg,emp019
face_11706.jpg,emp005
face_11707.jpg,emp004
face_11708.jpg,emp003
face_11709.jpg,emp015
face_11710.jpg,emp005
face_11711.jpg,emp002
face_11712.jpg,emp005
face_11713.jpg,emp005
face_11714.jpg,emp005
face_11715.jpg,unknown
face_11716.jpg,emp021
face_11717.jpg,emp005
face_11718.jpg,emp031
face_11719.jpg,emp013
face_11720.jpg,emp019
face_11721.jpg,emp005
face_11722.jpg,emp005
face_11723.jpg,unknown
face_11724.jpg,emp027
face_11725.jpg,emp005
face_11726.jpg,emp005
face_11727.jpg,emp004
face_11728.jpg,emp014
face_11729.jpg,emp012
face_11730.jpg,emp031
face_11731.jpg,emp016
face_11732.jpg,emp012
face_11733.jpg,emp020
face_11734.jpg,emp005
face_11735.jpg,emp031
face_11736.jpg,emp019
face_11737.jpg,emp005
face_11738.jpg,unknown
face_11739.jpg,emp004
face_11740.jpg,emp019
face_11741.jpg,emp015
face_11742.jpg,emp020
face_11743.jpg,emp025
face_11744.jpg,emp005
face_11745.jpg,emp005
face_11746.jpg,emp005
face_11747.jpg,emp005
face_11748.jpg,emp005
face_11749.jpg,emp034
face_11750.jpg,emp020
face_11751.jpg,emp034
face_11752.jpg,emp020
face_11753.jpg,emp009
face_11754.jpg,unknown
face_11755.jpg,emp025
face_11756.jpg,emp016
face_11757.jpg,emp020
face_11758.jpg,emp010
face_11759.jpg,emp005
face_11760.jpg,emp020
face_11761.jpg,emp020
face_11762.jpg,emp020
face_11763.jpg,emp025
face_11764.jpg,emp020
face_11765.jpg,emp020
face_11766.jpg,emp020
face_11767.jpg,emp020
face_11768.jpg,emp020
face_11769.jpg,unknown
face_11770.jpg,emp005
face_11771.jpg,emp020
face_11772.jpg,emp027
face_11773.jpg,emp004
face_11774.jpg,emp009
face_11775.jpg,emp005
face_11776.jpg,emp005
face_11777.jpg,emp022
face_11778.jpg,emp005
face_11779.jpg,emp016
face_11780.jpg,emp016
face_11781.jpg,unknown
face_11782.jpg,emp012
face_11783.jpg,emp005
face_11784.jpg,emp022
face_11785.jpg,emp009
face_11786.jpg,emp005
face_11787.jpg,emp005
face_11788.jpg,emp015
face_11789.jpg,emp005
face_11790.jpg,emp012
face_11791.jpg,unknown
face_11792.jpg,emp012
face_11793.jpg,unknown
face_11794.jpg,emp005
face_11795.jpg,emp005
face_11796.jpg,emp021
face_11797.jpg,unknown
face_11798.jpg,emp005
face_11799.jpg,emp005
face_11800.jpg,emp005
face_11801.jpg,emp031
face_11802.jpg,emp020
face_11803.jpg,emp016
face_11804.jpg,emp012
face_11805.jpg,emp018
face_11806.jpg,emp004
face_11807.jpg,emp031
face_11808.jpg,unknown
face_11809.jpg,emp022
face_11810.jpg,unknown
face_11811.jpg,emp023
face_11812.jpg,emp020
face_11813.jpg,emp002
face_11814.jpg,emp016
face_11815.jpg,emp016
face_11816.jpg,emp002
face_11817.jpg,emp016
face_11818.jpg,emp010
face_11819.jpg,emp023
face_11820.jpg,emp001
face_11821.jpg,emp028
face_11822.jpg,emp020
face_11823.jpg,emp015
face_11824.jpg,emp009
face_11825.jpg,emp010
face_11826.jpg,emp014
face_11827.jpg,emp014
face_11828.jpg,emp012
face_11829.jpg,emp012
face_11830.jpg,emp012
face_11831.jpg,emp012
face_11832.jpg,emp012
face_11833.jpg,emp012
face_11834.jpg,emp012
face_11835.jpg,emp012
face_11836.jpg,emp031
face_11837.jpg,emp020
face_11838.jpg,emp035
face_11839.jpg,emp005
face_11840.jpg,emp028
face_11841.jpg,emp020
face_11842.jpg,emp028
face_11843.jpg,emp028
face_11844.jpg,emp009
face_11845.jpg,emp005
face_11846.jpg,emp007
face_11847.jpg,emp013
face_11848.jpg,emp023
face_11849.jpg,emp016
face_11850.jpg,emp002
face_11851.jpg,emp023
face_11852.jpg,emp023
face_11853.jpg,emp020
face_11854.jpg,emp001
face_11855.jpg,emp011
face_11856.jpg,emp014
face_11857.jpg,emp006
face_11858.jpg,emp020
face_11859.jpg,emp034
face_11860.jpg,emp015
face_11861.jpg,emp008
face_11862.jpg,emp009
face_11863.jpg,emp023
face_11864.jpg,emp019
face_11865.jpg,emp001
face_11866.jpg,emp001
face_11867.jpg,emp003
face_11868.jpg,emp021
face_11869.jpg,emp022
face_11870.jpg,emp021
face_11871.jpg,emp025
face_11872.jpg,emp015
face_11873.jpg,emp021
face_11874.jpg,emp015
face_11875.jpg,emp012
face_11876.jpg,emp020
face_11877.jpg,emp015
face_11878.jpg,emp003
face_11879.jpg,emp023
face_11880.jpg,emp010
face_11881.jpg,emp020
face_11882.jpg,emp019
face_11883.jpg,emp022
