filename,emp_id
face_0568.jpg,emp016
face_0433.jpg,emp014
face_1751.jpg,emp004
face_0675.jpg,emp028
face_0112.jpg,emp001
face_1260.jpg,emp023
face_0888.jpg,emp015
face_1803.jpg,emp010
face_1356.jpg,emp015
face_1062.jpg,emp035
face_0577.jpg,emp003
face_0937.jpg,emp015
face_0716.jpg,emp018
face_0345.jpg,emp018
face_0375.jpg,emp031
face_0276.jpg,emp016
face_0426.jpg,emp002
face_1392.jpg,emp013
face_0110.jpg,emp013
face_1133.jpg,emp010
face_1162.jpg,emp002
face_0066.jpg,emp002
face_1331.jpg,emp021
face_1081.jpg,emp011
face_0428.jpg,emp010
face_0807.jpg,emp031
face_0399.jpg,emp019
face_0507.jpg,emp004
face_1306.jpg,emp014
face_0487.jpg,emp018
face_0865.jpg,emp010
face_1340.jpg,emp012
face_0868.jpg,emp012
face_0772.jpg,emp025
face_1653.jpg,emp020
face_1794.jpg,emp012
face_0527.jpg,emp014
face_1430.jpg,emp008
face_1753.jpg,emp012
face_0417.jpg,emp010
face_1293.jpg,emp009
face_0255.jpg,emp018
face_0189.jpg,emp010
face_1808.jpg,emp015
face_1635.jpg,emp002
face_0592.jpg,emp001
face_0479.jpg,emp010
face_0454.jpg,emp002
face_0778.jpg,emp015
face_0306.jpg,emp016
face_0030.jpg,emp004
face_1055.jpg,emp011
face_1678.jpg,emp021
face_0600.jpg,emp001
face_1191.jpg,emp035
face_0953.jpg,emp014
face_0352.jpg,emp016
face_1738.jpg,emp023
face_0234.jpg,emp001
face_0317.jpg,emp002
face_0496.jpg,emp004
face_1329.jpg,emp010
face_0430.jpg,emp001
face_0519.jpg,emp010
face_1139.jpg,emp021
face_1494.jpg,emp020
face_0238.jpg,emp035
face_1068.jpg,emp021
face_1560.jpg,emp031
face_0252.jpg,emp019
face_0204.jpg,emp022
face_0174.jpg,emp010
face_1457.jpg,emp020
face_0556.jpg,emp016
face_1606.jpg,UNKNOWN
face_0967.jpg,emp001
face_0706.jpg,emp003
face_1476.jpg,emp020
face_0661.jpg,emp014
face_0765.jpg,emp022
face_1050.jpg,emp025
face_0071.jpg,emp016
face_0308.jpg,emp019
face_0713.jpg,emp004
face_1310.jpg,emp031
face_1203.jpg,emp035
face_0584.jpg,emp016
face_0544.jpg,emp014
face_0355.jpg,emp004
face_0211.jpg,emp019
face_1746.jpg,emp022
face_0221.jpg,emp002
face_0977.jpg,emp011
face_0908.jpg,emp009
face_0384.jpg,emp018
face_0753.jpg,emp013
face_0809.jpg,emp022
face_1223.jpg,emp010
face_0024.jpg,emp016
face_1469.jpg,emp031
face_0484.jpg,emp014
face_1631.jpg,emp012
face_1316.jpg,UNKNOWN
face_1754.jpg,emp019
face_0136.jpg,emp015
face_1472.jpg,emp031
face_0618.jpg,emp001
face_1451.jpg,emp020
face_0528.jpg,emp001
face_1166.jpg,emp020
face_0416.jpg,emp018
face_1262.jpg,emp023
face_1023.jpg,emp010
face_1273.jpg,emp023
face_1532.jpg,emp022
face_0421.jpg,emp016
face_0800.jpg,emp015
face_0290.jpg,emp010
face_1757.jpg,emp008
face_0333.jpg,emp019
face_1577.jpg,emp020
face_0465.jpg,emp002
face_0353.jpg,emp019
face_1749.jpg,emp002
face_1745.jpg,emp009
face_0839.jpg,emp015
face_1170.jpg,emp020
face_0799.jpg,emp027
face_1729.jpg,emp020
face_0483.jpg,emp014
face_1634.jpg,emp016
face_0116.jpg,emp004
face_0533.jpg,emp014
face_1489.jpg,emp020
face_1074.jpg,emp020
face_0530.jpg,emp018
face_1031.jpg,emp011
face_0608.jpg,emp016
face_1495.jpg,emp020
face_1536.jpg,emp014
face_0395.jpg,emp017
face_0760.jpg,emp010
face_1176.jpg,emp010
face_0679.jpg,emp003
face_0995.jpg,emp002
face_0746.jpg,emp013
face_0907.jpg,emp027
face_0619.jpg,emp002
face_1146.jpg,emp020
face_0125.jpg,emp001
face_0552.jpg,emp019
face_0558.jpg,emp019
face_0050.jpg,emp001
face_1792.jpg,emp025
face_1418.jpg,emp031
face_0835.jpg,emp022
face_1710.jpg,emp030
face_1407.jpg,emp031
face_1377.jpg,emp015
face_1092.jpg,emp006
face_0638.jpg,emp016
face_0786.jpg,emp031
face_0343.jpg,emp010
face_0986.jpg,emp011
face_1781.jpg,emp023
face_0969.jpg,emp004
face_0079.jpg,emp001
face_0248.jpg,emp019
face_0629.jpg,emp016
face_0366.jpg,emp018
face_0074.jpg,emp001
face_0918.jpg,UNKNOWN
face_0070.jpg,emp001
face_0163.jpg,emp034
face_1221.jpg,emp020
face_1122.jpg,emp022
face_1466.jpg,emp025
face_0434.jpg,emp018
face_1601.jpg,emp010
face_0846.jpg,emp021
face_1735.jpg,emp030
face_0916.jpg,emp022
face_0966.jpg,emp035
face_1652.jpg,emp010
face_1253.jpg,emp023
face_0077.jpg,emp014
face_1520.jpg,emp022
face_1508.jpg,emp025
face_1810.jpg,emp022
face_1349.jpg,emp015
face_1459.jpg,emp020
face_1595.jpg,emp010
face_1076.jpg,emp020
face_0213.jpg,emp019
face_0870.jpg,emp035
face_1132.jpg,emp011
face_0535.jpg,emp003
face_0808.jpg,emp010
face_0031.jpg,emp002
face_1694.jpg,emp032
face_1441.jpg,emp020
face_0693.jpg,emp017
face_0383.jpg,emp017
face_0367.jpg,emp016
face_1041.jpg,emp021
face_1733.jpg,emp006
face_1573.jpg,emp020
face_0100.jpg,emp001
face_1526.jpg,emp031
face_0974.jpg,emp006
face_1506.jpg,emp013
face_0332.jpg,emp014
face_0299.jpg,emp019
face_0803.jpg,emp015
face_0169.jpg,emp035
face_1455.jpg,emp025
face_1000.jpg,emp011
face_0304.jpg,emp014
face_1109.jpg,emp020
face_1743.jpg,emp024
face_1269.jpg,emp023
face_0701.jpg,emp013
face_0819.jpg,emp009
face_1237.jpg,emp023
face_1014.jpg,emp006
face_0033.jpg,emp002
face_1527.jpg,emp022
face_1210.jpg,emp020
face_1231.jpg,emp007
face_0271.jpg,emp014
face_0240.jpg,emp035
face_1084.jpg,emp020
face_0899.jpg,emp009
face_0186.jpg,emp010
face_0536.jpg,emp001
face_0999.jpg,emp006
face_0531.jpg,emp014
face_1101.jpg,emp034
face_0045.jpg,emp001
face_1552.jpg,emp015
face_0597.jpg,emp001
face_1080.jpg,emp020
face_1797.jpg,emp011
face_0197.jpg,emp014
face_0915.jpg,emp021
face_1690.jpg,emp006
face_0951.jpg,emp021
face_0060.jpg,emp002
face_1238.jpg,emp005
face_1376.jpg,emp015
face_0325.jpg,emp002
face_0817.jpg,emp010
face_0591.jpg,emp004
face_1811.jpg,emp004
face_1161.jpg,emp006
face_0414.jpg,emp002
face_1467.jpg,emp025
face_0124.jpg,emp001
face_1400.jpg,emp031
face_1564.jpg,emp020
face_1279.jpg,emp012
face_0599.jpg,emp016
face_0860.jpg,emp011
face_0298.jpg,emp016
face_1001.jpg,emp020
face_0382.jpg,emp020
face_0409.jpg,emp002
face_1563.jpg,emp008
face_1179.jpg,emp025
face_0472.jpg,emp010
face_0549.jpg,emp001
face_0068.jpg,emp016
face_1742.jpg,emp026
face_1375.jpg,emp015
face_1582.jpg,emp020
face_1038.jpg,emp020
face_1422.jpg,emp015
face_1289.jpg,emp025
face_1612.jpg,emp025
face_0887.jpg,emp003
face_0463.jpg,emp014
face_1726.jpg,emp007
face_0811.jpg,emp031
face_0440.jpg,emp002
face_1394.jpg,emp019
face_1528.jpg,emp022
face_1512.jpg,emp010
face_1623.jpg,emp013
face_0874.jpg,emp010
face_1701.jpg,emp020
face_0901.jpg,emp009
face_0781.jpg,emp015
face_1793.jpg,emp003
face_0262.jpg,emp014
face_0810.jpg,emp002
face_0241.jpg,emp022
face_1809.jpg,emp035
face_0495.jpg,emp001
face_1777.jpg,emp010
face_1382.jpg,emp014
face_0621.jpg,emp016
face_1111.jpg,emp010
face_0072.jpg,emp001
face_1230.jpg,emp035
face_0260.jpg,emp016
face_0052.jpg,emp001
face_1115.jpg,emp020
face_0847.jpg,emp015
face_0545.jpg,emp002
face_1233.jpg,emp007
face_1649.jpg,emp003
face_0340.jpg,emp021
face_1790.jpg,emp010
face_1374.jpg,emp015
face_0652.jpg,emp019
face_0323.jpg,emp023
face_1805.jpg,emp020
face_0820.jpg,emp015
face_1285.jpg,emp015
face_0980.jpg,emp022
face_0480.jpg,emp014
face_1676.jpg,emp012
face_0481.jpg,emp002
face_1659.jpg,emp025
face_1775.jpg,emp003
face_0539.jpg,emp002
face_0142.jpg,emp014
face_0931.jpg,emp009
face_0632.jpg,emp016
face_1697.jpg,emp006
face_1384.jpg,emp013
face_0451.jpg,emp001
face_1284.jpg,emp025
face_0272.jpg,emp002
face_0185.jpg,emp010
face_0825.jpg,emp015
face_0245.jpg,emp010
face_0412.jpg,emp014
face_1386.jpg,emp019
face_1474.jpg,UNKNOWN
face_0620.jpg,emp001
face_0351.jpg,emp021
face_0766.jpg,emp010
face_0924.jpg,emp002
face_1511.jpg,emp020
face_1548.jpg,emp021
face_1321.jpg,emp022
face_0251.jpg,emp018
face_0515.jpg,emp021
face_1189.jpg,emp020
face_1075.jpg,emp006
face_0415.jpg,emp011
face_0368.jpg,emp014
face_0586.jpg,emp019
face_1609.jpg,emp022
face_1661.jpg,emp014
face_0585.jpg,emp002
face_0904.jpg,emp015
face_1126.jpg,emp023
face_1143.jpg,emp010
face_1513.jpg,emp012
face_0171.jpg,emp022
face_0293.jpg,emp018
face_0610.jpg,emp001
face_0845.jpg,emp015
face_0301.jpg,emp019
face_1703.jpg,emp020
face_0615.jpg,emp021
face_1138.jpg,emp022
face_1491.jpg,emp020
face_1750.jpg,emp001
face_1010.jpg,emp011
face_1051.jpg,emp011
face_0372.jpg,emp004
face_1644.jpg,emp023
face_0555.jpg,emp019
face_0858.jpg,emp009
face_1177.jpg,emp022
face_1357.jpg,emp009
face_0176.jpg,emp022
face_1448.jpg,emp019
face_1739.jpg,emp030
face_1464.jpg,emp020
face_1117.jpg,emp020
face_0335.jpg,emp019
face_1359.jpg,emp019
face_1462.jpg,emp025
face_0910.jpg,emp027
face_1484.jpg,emp020
face_0199.jpg,emp006
face_0016.jpg,emp002
face_0266.jpg,emp018
face_0571.jpg,emp014
face_0705.jpg,emp021
face_0833.jpg,emp035
face_1178.jpg,emp031
face_1402.jpg,emp010
face_1424.jpg,emp020
face_1282.jpg,emp019
face_1522.jpg,emp022
face_1302.jpg,emp002
face_0200.jpg,emp015
face_0742.jpg,emp016
face_1011.jpg,emp020
face_0680.jpg,emp030
face_1428.jpg,emp020
face_1618.jpg,emp019
face_0576.jpg,emp003
face_1683.jpg,emp004
face_0712.jpg,emp004
face_1550.jpg,emp021
face_0614.jpg,emp002
face_0423.jpg,emp013
face_1212.jpg,emp032
face_0311.jpg,emp004
face_0057.jpg,emp019
face_0562.jpg,emp013
face_0439.jpg,emp001
face_0611.jpg,emp019
face_0044.jpg,emp001
face_0101.jpg,emp019
face_0275.jpg,emp019
face_1270.jpg,emp028
face_0354.jpg,emp018
face_0102.jpg,emp001
face_1741.jpg,emp004
face_0108.jpg,emp001
face_1054.jpg,emp010
face_1796.jpg,emp012
face_0773.jpg,emp027
face_1645.jpg,emp023
face_1348.jpg,emp019
face_0882.jpg,emp009
face_0744.jpg,emp002
face_0427.jpg,emp019
face_1719.jpg,emp016
face_1699.jpg,emp020
face_0129.jpg,emp001
face_0737.jpg,emp002
face_1300.jpg,emp018
face_1695.jpg,emp034
face_1308.jpg,emp004
face_1442.jpg,emp013
face_0947.jpg,emp015
face_0938.jpg,emp001
face_0862.jpg,emp027
face_1315.jpg,emp022
face_0708.jpg,emp013
face_1547.jpg,emp021
face_0866.jpg,emp003
face_1716.jpg,emp023
face_1396.jpg,emp018
face_1069.jpg,emp006
face_0722.jpg,emp016
face_1180.jpg,emp010
face_0711.jpg,emp018
face_0406.jpg,emp018
face_1406.jpg,emp031
face_1505.jpg,emp010
face_0893.jpg,emp015
face_0589.jpg,emp002
face_0498.jpg,emp016
face_0482.jpg,emp016
face_0227.jpg,emp002
face_0232.jpg,emp013
face_0758.jpg,emp022
face_1549.jpg,emp019
face_0949.jpg,emp035
face_0164.jpg,emp035
face_0694.jpg,emp008
face_1134.jpg,emp006
face_0267.jpg,emp021
face_0149.jpg,emp014
face_0553.jpg,emp003
face_0880.jpg,emp003
face_0875.jpg,emp010
face_1129.jpg,emp020
face_1433.jpg,emp008
face_0307.jpg,emp019
face_0193.jpg,emp020
face_1767.jpg,emp010
face_0310.jpg,emp018
face_0702.jpg,emp003
face_0064.jpg,emp016
face_1243.jpg,emp023
face_1806.jpg,emp010
face_1160.jpg,emp006
face_0782.jpg,emp011
face_1740.jpg,emp021
face_1475.jpg,emp031
face_1059.jpg,emp006
face_1664.jpg,emp014
face_1006.jpg,emp025
face_1222.jpg,emp011
face_0655.jpg,emp014
face_1627.jpg,emp002
face_1064.jpg,emp010
face_1085.jpg,emp031
face_1294.jpg,emp009
face_0219.jpg,emp021
face_0755.jpg,emp002
face_0287.jpg,emp016
face_0583.jpg,emp019
face_1461.jpg,emp025
face_1589.jpg,UNKNOWN
face_0681.jpg,emp011
face_0362.jpg,emp021
face_1607.jpg,emp022
face_0603.jpg,emp021
face_1224.jpg,emp020
face_0998.jpg,emp006
face_0486.jpg,emp014
face_1492.jpg,emp031
face_1447.jpg,emp013
face_1211.jpg,emp031
face_1125.jpg,emp032
face_0678.jpg,emp020
face_1291.jpg,emp009
face_1758.jpg,emp028
face_1281.jpg,emp002
face_0987.jpg,emp020
face_1518.jpg,emp012
face_0670.jpg,emp011
face_1290.jpg,emp019
face_0863.jpg,emp009
face_0494.jpg,emp004
face_1198.jpg,emp010
face_0278.jpg,emp002
face_1677.jpg,emp010
face_0359.jpg,emp019
face_1363.jpg,emp013
face_0237.jpg,emp006
face_1696.jpg,emp035
face_0756.jpg,emp010
face_0209.jpg,emp001
face_1626.jpg,emp021
face_1420.jpg,emp020
face_0059.jpg,emp001
face_1772.jpg,emp019
face_1437.jpg,emp034
face_0364.jpg,emp008
face_1135.jpg,emp025
face_1197.jpg,emp035
face_1731.jpg,emp020
face_1814.jpg,emp019
face_1113.jpg,emp010
face_0707.jpg,emp003
face_1488.jpg,UNKNOWN
face_1415.jpg,emp004
face_0119.jpg,emp019
face_1332.jpg,emp022
face_0644.jpg,emp001
face_0523.jpg,emp018
face_0514.jpg,emp027
face_0082.jpg,emp002
face_0612.jpg,emp004
face_0850.jpg,emp021
face_0381.jpg,emp030
face_1539.jpg,emp022
face_0085.jpg,emp021
face_1761.jpg,emp009
face_0330.jpg,emp016
face_0932.jpg,emp003
face_1502.jpg,emp031
face_1169.jpg,emp035
face_1700.jpg,emp006
face_1256.jpg,emp013
face_0452.jpg,emp016
face_0491.jpg,emp018
face_1345.jpg,emp022
face_0288.jpg,emp002
face_0768.jpg,emp009
face_1801.jpg,emp015
face_1241.jpg,emp023
face_1531.jpg,emp031
face_1147.jpg,emp034
face_0671.jpg,emp004
face_0775.jpg,emp009
face_0965.jpg,emp035
face_1504.jpg,emp031
face_0328.jpg,emp002
face_1107.jpg,emp010
face_0651.jpg,emp014
face_1274.jpg,emp001
face_0889.jpg,emp003
face_1611.jpg,emp022
face_0178.jpg,emp010
face_1655.jpg,emp003
face_0594.jpg,emp016
face_0087.jpg,emp001
face_1277.jpg,emp021
face_1721.jpg,emp010
face_0458.jpg,emp028
face_0055.jpg,emp018
face_1365.jpg,emp031
face_0222.jpg,emp019
face_0114.jpg,emp014
face_0821.jpg,emp015
face_1215.jpg,emp012
face_1567.jpg,emp020
face_0175.jpg,emp010
face_1346.jpg,emp019
face_0590.jpg,emp002
face_1419.jpg,emp013
face_0019.jpg,emp016
face_0424.jpg,emp028
face_1218.jpg,emp010
face_0286.jpg,emp014
face_1443.jpg,emp013
face_0429.jpg,emp004
face_1436.jpg,emp031
face_0917.jpg,emp014
face_0032.jpg,emp002
face_0788.jpg,emp015
face_1762.jpg,emp015
face_0215.jpg,emp014
face_1597.jpg,emp025
face_0327.jpg,emp021
face_0561.jpg,emp003
face_1007.jpg,emp010
face_0630.jpg,emp014
face_1088.jpg,emp020
face_0342.jpg,emp020
face_0148.jpg,emp004
face_0361.jpg,emp002
face_0084.jpg,emp014
face_0049.jpg,emp021
face_0469.jpg,emp018
face_0156.jpg,emp014
face_1193.jpg,emp011
face_1272.jpg,emp023
face_1320.jpg,emp009
face_1648.jpg,emp004
face_0501.jpg,emp016
face_0180.jpg,emp020
face_0902.jpg,emp019
face_0695.jpg,emp014
face_1490.jpg,emp020
face_0529.jpg,emp021
face_0347.jpg,emp004
face_1259.jpg,emp023
face_1776.jpg,emp003
face_0988.jpg,emp020
face_0939.jpg,emp025
face_0844.jpg,emp015
face_0602.jpg,emp004
face_0906.jpg,emp014
face_0244.jpg,emp020
face_0926.jpg,emp035
face_1341.jpg,emp026
face_0313.jpg,emp018
face_0436.jpg,emp018
face_1720.jpg,emp002
face_0783.jpg,emp027
face_0309.jpg,emp002
face_0431.jpg,emp002
face_0371.jpg,emp016
face_0567.jpg,emp019
face_0818.jpg,emp021
face_0182.jpg,emp010
face_0728.jpg,emp002
face_0622.jpg,emp019
face_1095.jpg,emp020
face_0985.jpg,emp010
face_1034.jpg,emp020
face_1671.jpg,emp010
face_0297.jpg,emp021
face_1576.jpg,emp031
face_0462.jpg,emp018
face_1423.jpg,UNKNOWN
face_0994.jpg,emp006
face_0378.jpg,emp016
face_0989.jpg,emp034
face_0106.jpg,emp014
face_0127.jpg,emp002
face_1035.jpg,emp011
face_1325.jpg,emp009
face_0356.jpg,emp021
face_1473.jpg,emp034
face_0683.jpg,emp028
face_1199.jpg,emp020
face_0210.jpg,emp016
face_0745.jpg,emp016
face_0141.jpg,emp014
face_1304.jpg,emp019
face_1804.jpg,emp021
face_0927.jpg,emp011
face_1434.jpg,UNKNOWN
face_0979.jpg,emp010
face_1594.jpg,emp014
face_1572.jpg,emp020
face_1770.jpg,emp001
face_0721.jpg,emp003
face_0011.jpg,emp019
face_1545.jpg,emp021
face_1028.jpg,emp020
face_0283.jpg,emp021
face_0292.jpg,emp002
face_0627.jpg,emp014
face_1323.jpg,emp009
face_0723.jpg,emp003
face_0130.jpg,emp002
face_1620.jpg,emp021
face_0324.jpg,emp002
face_1584.jpg,UNKNOWN
face_1691.jpg,emp010
face_0922.jpg,emp001
face_1693.jpg,emp004
face_1266.jpg,emp007
face_0734.jpg,emp002
face_1005.jpg,emp010
face_0940.jpg,emp035
face_0894.jpg,emp027
face_0159.jpg,emp016
face_1615.jpg,emp014
face_0635.jpg,emp021
face_0517.jpg,emp001
face_1327.jpg,emp022
face_0598.jpg,emp002
face_0196.jpg,emp010
face_1616.jpg,emp002
face_0731.jpg,emp002
face_0411.jpg,emp003
face_0097.jpg,emp014
face_0837.jpg,emp035
face_0793.jpg,emp027
face_0157.jpg,emp001
face_0420.jpg,emp001
face_0911.jpg,emp002
face_0478.jpg,emp027
face_1234.jpg,emp007
face_0669.jpg,emp011
face_0890.jpg,emp010
face_1121.jpg,emp021
face_1183.jpg,emp025
face_0448.jpg,emp016
face_1217.jpg,emp022
face_0179.jpg,emp022
face_0391.jpg,emp018
face_0579.jpg,emp002
face_0842.jpg,emp021
face_1557.jpg,emp002
face_1190.jpg,emp034
face_1498.jpg,emp034
face_0757.jpg,emp015
face_1583.jpg,emp031
face_1778.jpg,emp013
face_0905.jpg,emp004
face_0665.jpg,emp028
face_0143.jpg,emp014
face_1380.jpg,emp015
face_1297.jpg,emp021
face_0422.jpg,emp016
face_0637.jpg,emp001
face_1275.jpg,emp018
face_1352.jpg,emp019
face_0616.jpg,emp001
face_0295.jpg,emp014
face_0779.jpg,emp027
face_1724.jpg,emp003
face_0089.jpg,emp001
face_0042.jpg,emp014
face_1637.jpg,emp016
face_1752.jpg,emp019
face_0132.jpg,emp014
face_1106.jpg,emp020
face_1097.jpg,emp020
face_0941.jpg,emp022
face_1684.jpg,emp006
face_0991.jpg,emp006
face_0165.jpg,emp022
face_0725.jpg,emp002
face_0291.jpg,emp011
face_1718.jpg,emp023
face_1478.jpg,emp020
face_0349.jpg,emp021
face_0572.jpg,emp003
face_1385.jpg,emp004
face_1711.jpg,emp023
face_0983.jpg,emp011
face_1450.jpg,emp020
face_1636.jpg,emp012
face_0856.jpg,emp008
face_0459.jpg,emp020
face_0376.jpg,emp011
face_0334.jpg,emp016
face_1207.jpg,emp034
face_1600.jpg,emp002
face_1324.jpg,emp010
face_1782.jpg,emp015
face_0840.jpg,emp022
face_1795.jpg,emp012
face_0814.jpg,emp022
face_1748.jpg,emp016
face_1030.jpg,emp020
face_0329.jpg,emp016
face_1588.jpg,emp025
face_0319.jpg,emp027
face_1393.jpg,emp031
face_1232.jpg,emp023
face_1650.jpg,emp009
face_0168.jpg,emp019
face_0013.jpg,emp014
face_0172.jpg,emp010
face_0650.jpg,emp010
face_0261.jpg,emp010
face_1317.jpg,emp022
face_1299.jpg,emp014
face_0673.jpg,emp017
face_0259.jpg,emp018
face_1449.jpg,emp013
face_0139.jpg,emp014
face_1669.jpg,emp012
face_0550.jpg,emp014
face_1456.jpg,emp020
face_1390.jpg,emp012
face_1603.jpg,emp028
face_1079.jpg,emp020
face_0559.jpg,UNKNOWN
face_0140.jpg,emp014
face_1621.jpg,emp016
face_0532.jpg,emp003
face_0225.jpg,emp001
face_0724.jpg,emp013
face_0787.jpg,emp009
face_1756.jpg,emp010
face_0410.jpg,emp016
face_0326.jpg,emp021
face_1556.jpg,emp015
face_0300.jpg,emp016
face_1538.jpg,emp004
face_1044.jpg,emp025
face_1713.jpg,emp023
face_1687.jpg,emp006
face_0715.jpg,emp004
face_0194.jpg,emp020
face_0441.jpg,emp004
face_0574.jpg,UNKNOWN
face_0504.jpg,emp012
face_0606.jpg,emp018
face_1205.jpg,emp022
face_1624.jpg,emp035
face_0004.jpg,emp014
face_1053.jpg,emp020
face_1119.jpg,emp025
face_0468.jpg,emp016
face_0322.jpg,emp016
face_0006.jpg,emp004
face_0223.jpg,emp019
face_0548.jpg,emp021
face_0229.jpg,emp002
face_0040.jpg,emp018
face_0543.jpg,emp018
face_0243.jpg,emp020
face_1037.jpg,emp011
face_0137.jpg,emp014
face_1090.jpg,emp006
face_1596.jpg,emp019
face_1432.jpg,emp031
face_1002.jpg,emp034
face_0830.jpg,emp035
face_0446.jpg,emp030
face_0843.jpg,emp011
face_0963.jpg,emp035
face_1287.jpg,emp010
face_1058.jpg,emp011
face_1658.jpg,emp009
face_0582.jpg,emp001
face_1604.jpg,emp022
face_1785.jpg,emp009
face_0662.jpg,emp014
face_0437.jpg,emp014
face_1685.jpg,emp006
face_0377.jpg,emp028
face_1342.jpg,emp009
face_0315.jpg,emp014
face_0443.jpg,emp010
face_1326.jpg,emp009
face_0320.jpg,emp027
face_0282.jpg,emp019
face_0950.jpg,emp035
face_1103.jpg,emp020
face_1367.jpg,emp020
face_0425.jpg,emp001
face_0554.jpg,emp002
face_0595.jpg,emp021
face_1779.jpg,emp019
face_0369.jpg,emp002
face_1263.jpg,emp023
face_1675.jpg,emp004
face_1673.jpg,emp012
face_1471.jpg,emp031
face_1164.jpg,emp010
face_0228.jpg,emp019
face_1681.jpg,emp004
face_1102.jpg,emp006
face_1206.jpg,emp006
face_1425.jpg,emp026
face_0067.jpg,emp019
face_0394.jpg,emp019
face_0580.jpg,emp021
face_0025.jpg,emp002
face_0212.jpg,emp002
face_1470.jpg,emp020
face_0145.jpg,emp014
face_0537.jpg,emp018
face_0812.jpg,emp031
face_1024.jpg,emp011
face_0943.jpg,emp021
face_0086.jpg,emp001
face_1638.jpg,emp012
face_0273.jpg,emp019
face_1173.jpg,emp020
face_1209.jpg,emp034
face_0942.jpg,emp022
face_1640.jpg,emp019
face_0631.jpg,emp021
face_1246.jpg,emp023
face_1698.jpg,emp010
face_0933.jpg,emp022
face_1245.jpg,emp023
face_1048.jpg,emp001
face_0506.jpg,emp035
face_0274.jpg,emp002
face_0508.jpg,emp014
face_1499.jpg,emp034
face_0363.jpg,emp016
face_1468.jpg,emp025
face_1056.jpg,emp011
face_0623.jpg,emp016
face_0003.jpg,emp019
face_0007.jpg,emp016
face_1019.jpg,emp006
face_0312.jpg,emp016
face_1229.jpg,emp010
face_0944.jpg,emp032
face_0666.jpg,emp020
face_0365.jpg,emp004
face_1788.jpg,emp002
face_0216.jpg,emp002
face_0975.jpg,emp001
face_0028.jpg,emp019
face_1303.jpg,emp018
face_0526.jpg,emp018
face_1666.jpg,emp012
face_0964.jpg,emp002
face_0639.jpg,emp001
face_0303.jpg,emp002
face_0719.jpg,emp018
face_0692.jpg,emp030
face_1426.jpg,emp015
face_1235.jpg,emp007
face_0625.jpg,emp019
face_0008.jpg,emp016
face_0257.jpg,emp002
face_0804.jpg,emp027
face_0026.jpg,emp004
face_0337.jpg,emp016
face_0573.jpg,emp001
face_0048.jpg,emp018
face_1344.jpg,emp013
face_0107.jpg,emp019
face_0350.jpg,emp014
face_0056.jpg,emp002
face_0239.jpg,emp035
face_0214.jpg,emp016
face_0121.jpg,emp014
face_1503.jpg,emp020
face_1042.jpg,emp020
face_0794.jpg,emp010
face_0073.jpg,emp019
face_0923.jpg,emp018
face_0813.jpg,emp009
face_1570.jpg,emp020
face_0078.jpg,emp014
face_0945.jpg,emp015
face_1027.jpg,emp020
face_0046.jpg,emp019
face_1524.jpg,emp022
face_0524.jpg,emp014
face_0233.jpg,emp001
face_0645.jpg,emp002
face_1335.jpg,emp015
face_1371.jpg,emp025
face_1091.jpg,emp011
face_0534.jpg,emp014
face_1165.jpg,emp035
face_1617.jpg,emp014
face_0604.jpg,emp001
face_0466.jpg,emp004
face_1362.jpg,emp015
face_0789.jpg,emp015
face_1542.jpg,UNKNOWN
face_1541.jpg,emp015
face_1186.jpg,emp031
face_0061.jpg,emp016
face_1188.jpg,emp011
face_1339.jpg,emp019
face_0093.jpg,emp019
face_0667.jpg,emp014
face_1369.jpg,emp015
face_1537.jpg,emp014
face_0195.jpg,emp003
face_0281.jpg,emp018
face_0696.jpg,emp002
face_1008.jpg,emp034
face_0360.jpg,emp019
face_1194.jpg,emp011
face_0520.jpg,emp012
face_1305.jpg,emp009
face_1104.jpg,emp010
face_1651.jpg,emp001
face_1413.jpg,emp004
face_0848.jpg,emp019
face_0183.jpg,emp020
face_1240.jpg,emp005
face_1250.jpg,emp007
face_0111.jpg,emp001
face_1114.jpg,emp011
face_1507.jpg,emp012
face_1118.jpg,emp021
face_0043.jpg,emp014
face_0747.jpg,emp002
face_0126.jpg,emp014
face_0205.jpg,emp022
face_0053.jpg,emp019
face_0546.jpg,emp001
face_0069.jpg,emp016
face_1286.jpg,emp025
face_1408.jpg,emp031
face_0184.jpg,emp020
face_0138.jpg,emp019
face_0900.jpg,emp021
face_0797.jpg,emp009
face_0133.jpg,emp002
face_0081.jpg,emp001
face_1403.jpg,emp031
face_0542.jpg,emp018
face_1453.jpg,emp020
face_0984.jpg,emp020
face_0166.jpg,emp035
face_0249.jpg,emp002
face_0447.jpg,emp022
face_1622.jpg,emp002
face_0859.jpg,emp027
face_1108.jpg,emp020
face_0098.jpg,emp019
face_1789.jpg,emp002
face_0738.jpg,emp002
face_1145.jpg,emp025
face_0103.jpg,emp002
face_0435.jpg,emp013
face_0075.jpg,emp001
face_1629.jpg,emp014
face_1254.jpg,emp023
face_0919.jpg,emp004
face_1561.jpg,emp004
face_1689.jpg,emp006
face_1477.jpg,UNKNOWN
face_0763.jpg,emp015
face_0990.jpg,emp006
face_0389.jpg,emp016
face_0236.jpg,emp014
face_0268.jpg,emp012
face_1086.jpg,emp031
face_0118.jpg,emp014
face_1566.jpg,UNKNOWN
face_0674.jpg,emp003
face_0250.jpg,emp018
face_1319.jpg,emp022
face_0095.jpg,emp004
face_0034.jpg,emp001
face_1330.jpg,emp015
face_1764.jpg,emp019
face_0449.jpg,emp002
face_0717.jpg,emp004
face_1152.jpg,emp011
face_1381.jpg,emp015
face_0001.jpg,emp019
face_1248.jpg,emp023
face_0083.jpg,emp019
face_1174.jpg,emp035
face_0677.jpg,emp003
face_1318.jpg,emp025
face_1047.jpg,emp002
face_0771.jpg,emp027
face_1112.jpg,emp031
face_1387.jpg,emp019
face_1569.jpg,emp025
face_1353.jpg,emp015
face_0405.jpg,emp002
face_1574.jpg,emp031
face_1182.jpg,emp003
face_0105.jpg,emp001
face_0689.jpg,emp020
face_1405.jpg,emp031
face_0827.jpg,emp010
face_0063.jpg,emp019
face_0853.jpg,emp022
face_1227.jpg,emp011
face_0224.jpg,emp001
face_0146.jpg,emp001
face_1089.jpg,emp011
face_0374.jpg,emp012
face_1288.jpg,emp015
face_1660.jpg,emp016
face_1358.jpg,emp015
face_1458.jpg,emp025
face_1158.jpg,emp034
face_0010.jpg,emp018
face_0450.jpg,emp010
face_0709.jpg,emp001
face_0256.jpg,emp016
face_0883.jpg,emp015
face_0390.jpg,emp019
face_0909.jpg,emp015
face_0925.jpg,emp010
face_1554.jpg,emp019
face_1361.jpg,emp015
face_0461.jpg,emp016
face_1201.jpg,emp031
face_0959.jpg,emp010
face_0502.jpg,emp014
face_0740.jpg,emp002
face_1680.jpg,emp004
face_0869.jpg,emp011
face_0732.jpg,emp018
face_0540.jpg,emp021
face_0698.jpg,emp014
face_1264.jpg,emp023
face_1575.jpg,emp034
face_1032.jpg,emp011
face_0373.jpg,emp010
face_0668.jpg,emp031
face_1465.jpg,emp025
face_0358.jpg,emp010
face_0968.jpg,emp010
face_0784.jpg,emp015
face_0736.jpg,emp016
face_1036.jpg,emp020
face_0971.jpg,emp003
face_1388.jpg,emp004
face_1351.jpg,UNKNOWN
face_1619.jpg,emp016
face_1544.jpg,emp022
face_1565.jpg,UNKNOWN
face_0886.jpg,emp010
face_0080.jpg,emp001
face_0815.jpg,emp009
face_1171.jpg,emp010
face_0672.jpg,emp016
face_1395.jpg,emp019
face_0058.jpg,emp016
face_0134.jpg,emp001
face_1141.jpg,emp010
face_0934.jpg,emp010
face_1540.jpg,emp009
face_0824.jpg,emp015
face_0505.jpg,emp001
face_1614.jpg,emp003
face_0348.jpg,UNKNOWN
face_0387.jpg,emp003
face_1025.jpg,emp020
face_0895.jpg,emp015
face_0829.jpg,emp021
face_1715.jpg,emp007
face_0476.jpg,emp018
face_1337.jpg,emp021
face_1763.jpg,emp009
face_0653.jpg,emp014
face_0173.jpg,emp022
face_1150.jpg,emp023
face_0039.jpg,emp001
face_0714.jpg,emp014
face_0091.jpg,emp019
face_1755.jpg,emp004
face_0876.jpg,emp015
face_1551.jpg,emp021
face_1094.jpg,emp010
